episode,seed_0,seed_1,seed_2,seed_3,seed_4,mean,std
0,-3590.774282689577,-3475.6055757581285,-3482.246844283316,-3488.4782898068897,-3584.862428625907,-3524.393484232763,51.97961928062035
1,-3730.29876614297,-3029.5790852006853,-3673.019120660278,-3782.010568036808,-3630.446551516896,-3569.0708183115275,274.57652793260655
2,-3485.527169739111,-3311.929327565561,-3319.2496336212917,-3633.5121147520877,-3767.001420236968,-3503.4439331830035,177.3734339787261
3,-3591.2087438825774,-3288.4467537782843,-3176.4916614470503,-3518.108836320564,-3590.7323080013502,-3432.997660685965,169.61436870810505
4,-2883.432330041098,-3151.3753193914745,-2743.334681256043,-3262.726310340624,-2586.112552464963,-2925.3962386988405,250.94976478065067
5,-2929.0555607651854,-3085.655635852007,-3234.496874489205,-3173.1887650093527,-3332.457960935737,-3150.9709594102974,137.05493551524827
6,-3382.7251570456588,-3132.610512625233,-3187.3416524888125,-3323.98397853266,-3270.3986785102466,-3259.4119958405217,90.29854307541576
7,-3387.2291726712083,-3472.6964671580567,-3120.10095535557,-3223.7110975293704,-3121.396602382614,-3265.026859019364,142.40802781314392
8,-3125.58807361823,-3073.708690688478,-3025.3179996358367,-3420.5064987814408,-2867.05553705661,-3102.435359956119,181.04213173830107
9,-3180.811623992677,-3225.731334006656,-3383.396257312466,-2816.4693957840855,-3324.1937072380915,-3186.1204636667953,198.10152758796292
10,-3273.697965053385,-2816.1095159692036,-2771.9260005943966,-3317.622530716472,-3170.657554993023,-3070.0027134652955,230.7597057671563
11,-3728.7567912699546,-3069.1060550957495,-3571.7749335715544,-3018.690321015757,-3173.339458683366,-3312.3335119272765,284.7537409783817
12,-3327.6395813121744,-2918.5696544231764,-3577.8315782821956,-3371.0185201856593,-3532.043887200035,-3345.4206442806476,233.24504797944186
13,-3133.9125662053457,-3370.7156339343614,-3170.304618512915,-3174.2682713614713,-2770.4369297157864,-3123.9276039459755,195.2663300523482
14,-3277.386838617871,-3064.082007884773,-3712.1596194734566,-3522.132402271152,-2864.706872644658,-3288.0935481783818,304.6828839572462
15,-3068.0632240501545,-3579.305674500157,-3463.788291400182,-2914.5803370470085,-3326.8057196414243,-3270.5086493277854,246.3944385004344
16,-3215.695275439805,-2973.763356628249,-3387.1695468696244,-3017.342116640758,-3324.7437902576107,-3183.742817167209,163.746899417026
17,-2865.178493927343,-3020.8023461579055,-3038.989669874696,-2914.6192388884083,-2827.483926806484,-2933.4147351309675,83.68208034223306
18,-3379.38510621303,-3270.026295709927,-3372.1611803039264,-2969.74678879163,-3276.4541877836336,-3253.554711760429,149.15992676872918
19,-3072.2202967417666,-3023.568526496648,-3227.2949242389936,-2817.381258023085,-3487.965471743503,-3125.6860954487993,223.56617046269267
20,-3123.465919129264,-3272.824014937804,-3385.734420326774,-3230.037259252682,-3116.9310110145316,-3225.798524932211,100.13286374772642
21,-3623.1332106861305,-3024.652756803611,-3050.86556331538,-3171.8703581443624,-3428.861748575564,-3259.8767275050095,231.20221197722623
22,-3020.8090368439975,-3019.2860872627434,-3001.9090344102387,-2869.4879831364287,-2668.683209604125,-2916.035070251507,135.91340522136494
23,-2817.322065077414,-3079.5239207632526,-3571.4503922216413,-3114.9906482628007,-3388.298583964894,-3194.3171220580007,261.32499020335956
24,-3477.4911634999003,-3524.1082985957223,-3016.949571809059,-3275.937525543518,-3176.1951710960334,-3294.1363461088467,188.45684581422137
25,-3277.692692721151,-3325.8622300368756,-3427.4128539891167,-3373.2053212121405,-3372.071468297258,-3355.2489132513087,50.38176213910655
26,-3322.389231068593,-3425.3225237793326,-3278.1724749822374,-3162.737780730949,-3061.555966320673,-3250.035595376357,126.4102202131004
27,-3675.387892212644,-3728.2939565526954,-3477.982826018216,-3275.462064189095,-3083.691669390297,-3448.16368167259,242.34631853939055
28,-3427.931237574008,-3018.865680664355,-3227.863277943547,-3124.4719692174112,-3488.0824434769124,-3257.4429217752468,177.6154184321306
29,-3227.8200234758424,-3318.488972232517,-3028.260539089737,-3169.2861680725414,-2920.560530726788,-3132.883246719485,141.99612409177757
30,-3427.5992449707014,-3121.847973250403,-3521.7305536822596,-3073.985541789352,-3473.2531078842803,-3323.6832843153993,187.33864274106313
31,-3325.980865069192,-2662.205589555231,-2926.8033347687933,-2919.7188406057303,-3018.6420346069303,-2970.6701329211755,213.64349950963805
32,-3376.72722918676,-2770.9887959937255,-3219.0987166470377,-2959.6255508163345,-3376.753480871576,-3140.6387547030863,239.6041607656571
33,-3327.328670530733,-3322.047835071006,-3120.7819341427276,-3022.144991797493,-2972.4937316809865,-3152.959432644589,148.1291311824738
34,-3172.1078892710652,-3067.4871095874805,-3074.4079497812804,-3213.6356026028634,-2970.8886703201724,-3099.705444312572,85.43294515331449
35,-3577.292355037589,-3375.5091882223282,-2983.384273391148,-3427.4969657334154,-3430.549760443273,-3358.8465085655507,199.41031286048636
36,-3326.9567294975045,-3159.9595632191463,-3677.1015490437007,-3374.6751698910207,-2921.3978270553903,-3292.018167741352,249.4558099606981
37,-3162.7567166537415,-3424.0722689792005,-3338.050628305592,-3320.4750947770085,-3223.4018551446734,-3293.7513127720435,91.39887516682002
38,-3733.9270033881703,-3114.649975572444,-3522.660214974557,-3170.844802123234,-3070.1854364311266,-3322.453486497907,260.461072194917
39,-3061.7103441483196,-3120.151910195795,-2773.6977252283054,-3320.7422540776865,-3121.8625856023405,-3079.6329638504894,176.33854163392766
40,-2866.803621191052,-3369.069092921854,-2976.622273469223,-3219.109822815706,-3224.5770351474134,-3131.2363691090495,182.66298205220656
41,-2931.6278288165613,-3321.691197485938,-3586.0846780621855,-3163.5598228016725,-3280.934537834787,-3256.779613000229,213.37873001410108
42,-2821.40597495202,-3064.2084952707223,-3528.8335646440455,-3369.537288199216,-3226.019909401757,-3202.001046493552,244.66474557445108
43,-3272.2020386744393,-3217.0752830689967,-2978.4575742199736,-2968.1905598614885,-3530.3735724982735,-3193.259805664634,208.44227447681516
44,-3266.7882620440378,-2767.6744350330036,-3226.2930297281537,-2966.875677663276,-3272.0288625937283,-3099.93205341244,200.760816158647
45,-3277.2668930802975,-3372.1844246201053,-3125.95462422697,-2761.4538659576865,-3235.5780471320463,-3154.487571003421,211.81688774824065
46,-3077.5749590364817,-2816.022823255961,-2918.769073859495,-2973.497441526481,-3394.094353819743,-3035.9917302996323,197.98972764378405
47,-3385.3530496280405,-2712.5324778368104,-3434.0134378273533,-3075.2679650641803,-3283.3789593613487,-3178.1091779435465,263.3844028054762
48,-3176.785798362178,-3360.2576626853515,-3385.031566629985,-2869.5745300206017,-3220.384784211361,-3202.4068683818955,184.40480678008967
49,-3124.8755892140694,-3170.0811219936695,-2828.5844744328147,-3116.5133609131112,-3371.6585508630233,-3122.342619483338,173.65001712427704
50,-3423.0463842652352,-3018.4213277237,-3131.74797313835,-2619.2771885596617,-3680.6025435491592,-3174.619083447221,361.2134208187561
51,-2971.010799843127,-3324.8070753830793,-3032.2019262354383,-3020.4518147493727,-2975.3990747813004,-3064.774138198464,132.2285985324715
52,-2675.9829281429975,-3311.1948150018866,-3280.460342384304,-3014.349465082316,-3327.7860655286104,-3121.954723228023,250.50833068140557
53,-3636.19082164974,-3019.5625154711743,-3392.3413107562446,-3069.315013955549,-3733.8768313533483,-3370.2572986372115,288.7838625945442
54,-2830.375994011439,-3020.375029792107,-3228.143439323468,-3379.748578437149,-3279.5182267042946,-3147.632253653692,197.2814661561429
55,-3691.9100199942286,-3528.88472714639,-3375.80892596525,-3724.11384045221,-3219.5621067090365,-3508.055924053423,190.5965067992334
56,-2825.25523944516,-3175.9694447267034,-3708.9781274884353,-3634.4357535135773,-2874.447887601651,-3243.8172905551055,370.1860787419391
57,-3021.75714562244,-3422.814281582435,-3028.2427673332418,-2983.8237461219246,-3681.901432041976,-3227.7078745404037,277.8632028802055
58,-2819.462046292843,-2916.8783363914727,-3120.3262426135593,-2966.188869136592,-3327.1569959125195,-3030.002498069397,177.57010527904734
59,-3428.4750691219474,-3066.0929567402723,-3579.6323813123536,-3575.6748057619957,-3279.8622492440672,-3385.9474924361266,194.3604317796944
60,-3065.930821959819,-3125.718920665914,-3644.02508592053,-2917.6271429379863,-3165.0660207189753,-3183.673598440645,245.06021976180685
61,-3023.276225550812,-3430.165871490458,-3385.196704984194,-3315.240094977513,-3324.392397037932,-3295.6542588081816,142.48543938388073
62,-3483.472892499095,-3326.5168743298877,-3172.4545888503994,-2821.160772313123,-3016.2700580115097,-3163.975037200803,231.47743399367226
63,-2974.244042425409,-3325.63573596713,-2926.5644399189196,-3116.0912931228695,-3374.026070581184,-3143.3123164031026,180.4302485854778
64,-3633.8739190435745,-3166.337117557807,-3075.4919134676857,-3115.804721680245,-2974.683689677509,-3193.238272285364,229.133022793631
65,-3336.2427947565056,-2812.1530615691604,-3281.52533607063,-3216.453742182856,-3272.5429735543353,-3183.783581626697,189.65868011472764
66,-3080.053741555691,-3271.015674030319,-3327.2975004731147,-2661.9892286581608,-3575.7413893666144,-3183.2195068167803,304.9144934256508
67,-3372.896189396054,-2507.186413716599,-3228.931849618673,-2966.4828064826706,-3521.101591742109,-3119.3197701912213,356.59804375415194
68,-3173.412001876859,-2764.9073253608476,-3275.1078058441776,-3072.3678442926603,-3623.342267751618,-3181.8274490252325,279.1097183755903
69,-2678.795464782229,-2814.37166486057,-3125.6811074186535,-2920.264935289294,-3170.8086478231876,-2941.9843640347867,185.54254371784683
70,-3426.140759617152,-3725.495699992637,-3525.5198890700453,-3217.6726473165045,-3320.6065504912976,-3443.0871092975276,174.72842985764643
71,-3324.5764080627027,-2967.4330828354255,-3632.484436788003,-3318.097048020053,-3378.828063024045,-3324.283807746046,212.2939024116225
72,-3525.9577557389903,-3172.9222493173656,-3525.1105526745305,-3119.889640836393,-3377.033578256674,-3344.1827553647904,171.16878063568566
73,-3217.4883700200644,-2770.8012234625744,-3130.6987914491556,-3071.4091395161477,-3477.841649880516,-3133.647834865692,228.49010179526002
74,-3226.368919764877,-3065.373159995712,-3632.449820852915,-3329.5147702173076,-2868.8387178815033,-3224.5090777424625,256.620712162796
75,-3473.9843409718137,-3221.467454383423,-3428.826550219275,-3575.222942399748,-3323.15582462148,-3404.5314225191482,122.21616949774526
76,-3234.9389917072176,-3521.1991145229604,-2925.4391696431003,-2873.089680341523,-3071.8974685674657,-3125.3128849564537,234.5902997862922
77,-3115.235429408616,-3170.2151080236163,-3324.50110518216,-3066.897522881106,-3072.428688618747,-3149.8555708228496,94.85893466023386
78,-3331.1081914343554,-3065.7567377329806,-3081.9483589991387,-3277.6508675559153,-3029.1852894211806,-3157.1298890287144,122.60904679275168
79,-3030.2857898546963,-3369.517332185432,-3379.14284960529,-3475.0070924117726,-3326.565185433656,-3316.1036498981694,150.91624103685032
80,-3380.053818078549,-3321.6595652670826,-3078.93962766281,-3123.3589880399713,-3119.0037162384883,-3204.6031430573803,121.82310047232983
81,-3426.8309978256357,-3466.221013967614,-3631.285518282756,-3317.685981960419,-3276.116352826804,-3423.6279729726457,124.84347493666964
82,-3029.999423558233,-3372.866313544528,-3172.305846249368,-2916.8285522243295,-3328.4247402307874,-3164.084975161449,173.07770635984156
83,-3110.5647880878205,-3270.1011461965495,-3173.5061710271734,-3309.5746635185637,-2965.743161982796,-3165.8979861625808,122.21529127378052
84,-2773.8720457464124,-3477.5135208302813,-3330.4714023077804,-3124.4303118247894,-3225.6965024443552,-3186.3967566307233,237.09383008339876
85,-3422.9412499543573,-3521.662190705418,-3027.97428499942,-3165.0289644242293,-2868.241911884835,-3201.169720393652,242.5043395950495
86,-3783.711883554258,-3373.491995955217,-2918.5363498244146,-3168.372334225862,-3074.6300908598632,-3263.7485308839227,298.8107660188914
87,-3274.1204076582494,-3374.47416626127,-3217.334316211732,-3263.8760615100314,-3320.617344986102,-3290.084459325477,53.45688754170181
88,-3125.6345613849576,-3026.6335363356625,-3186.586998666254,-2870.456308231355,-3078.5412223014923,-3057.570525383944,107.41188114557886
89,-3374.1570593798124,-3224.020518923912,-3323.7756410445086,-3321.0363569315123,-3325.481196651988,-3313.694154586347,48.97265043700097
90,-3274.141604437955,-2968.092689321864,-3528.551715408387,-2812.583205995245,-3385.2865675833787,-3193.7311565493656,265.1228395914253
91,-3532.066862593687,-3272.2090684186064,-3371.8860257555943,-3424.8555528863003,-3386.7749487492083,-3397.558491680679,84.05411306188232
92,-3273.6448220571415,-3275.8437508132265,-3130.0018978617113,-2916.66445993229,-2922.934183845255,-3103.817822901925,159.28905012369023
93,-3329.5044781858214,-3271.8510082482444,-2821.8904997240456,-3269.915013223201,-3424.062119809435,-3223.4446238381497,208.44397910630062
94,-3169.7250605350123,-3377.530729462996,-2818.6878545543536,-3515.9547802402762,-3326.9341502522498,-3241.7665150089774,238.7677435938951
95,-2821.9306597909886,-3326.7982944791256,-3325.7154296290746,-3460.450051590491,-3225.484066306097,-3232.0757003591557,218.2466572376523
96,-3027.185918074737,-3312.8340327127344,-2777.953228631326,-3017.81640836586,-3521.411394866703,-3131.4401965302723,258.34613046238877
97,-3162.70158844593,-2820.1812615658687,-3380.508632571995,-3025.826874865866,-3580.968424974424,-3194.037356484817,265.90685014162443
98,-3273.654925963291,-3174.732769225053,-2820.6241394126673,-2916.5663957932247,-2971.918802681678,-3031.4994066151826,167.56068475313438
99,-3582.8535465546065,-3368.7902320242406,-3426.1689562613597,-3322.0544789799437,-3531.4387085046365,-3446.2611844649573,97.71943079700996
100,-3226.517648206793,-3279.544405699446,-3337.5059354125037,-3373.8712246829537,-3531.1213899287563,-3349.712120786091,103.67484025347876
101,-3485.5994236000424,-2920.3581173239672,-2779.4041260880704,-3118.316836295376,-3272.5564575655553,-3115.2469921746024,250.0754764262227
102,-3118.498235108101,-2766.3801064706136,-3583.942568763268,-3067.567802306869,-2963.333929630277,-3099.9445284558255,270.3975868139031
103,-2820.669900530679,-2910.3871832415775,-3481.228889087308,-3024.0517041892545,-3433.0443790604545,-3133.876411221855,272.12586664898504
104,-3322.878770953304,-3326.2077838000673,-3134.6676757540026,-3275.7707537648157,-3324.0761885846237,-3276.7202345713627,73.48747562742115
105,-3474.6479790577037,-3068.3067863805404,-3177.8371611095026,-3286.8847419603153,-2873.763298211734,-3176.287993343959,202.20477443547352
106,-3420.3161967395868,-3068.655903664532,-3421.219346421444,-3125.1032939506003,-3227.5441252327064,-3252.5677732017734,146.47855743010797
107,-2974.1324645171608,-3069.2673500684937,-3324.4728085764004,-3021.0643929546923,-3422.9992326693996,-3162.3872497572293,177.9177696318112
108,-3379.669788474848,-3570.1279087764055,-3222.6203069509793,-2920.817063510096,-4034.3189074264005,-3425.510795027746,371.36050893395407
109,-2872.600420334252,-3271.7155671015125,-2672.3607461123033,-3217.7481194747947,-2773.7984289566803,-2961.6446563959084,240.26369486658962
110,-2971.156065315454,-3418.186813787815,-2777.999992836003,-2805.4450491347084,-2769.525473615828,-2948.4626789379618,246.04302301908587
111,-3224.139757595648,-3114.873049116906,-3588.935807275044,-3215.4689863789763,-3267.832350692508,-3282.2499902118166,161.3168315675488
112,-3023.683174191955,-3176.388859564426,-3173.9905864950283,-3013.966451530125,-3285.0119493927127,-3134.6082042348494,102.73916150665443
113,-3075.0321515261685,-3175.635135867615,-2980.0157655792245,-3119.441366178199,-3232.335744393252,-3116.492032708892,86.33778314654545
114,-3121.326209636704,-3622.478204506762,-3528.559231139754,-3068.4547794999535,-2976.6496271910596,-3263.4936103948467,260.63802800280973
115,-3534.428049529395,-3323.8539057716885,-3180.7818043651296,-3178.8377997361517,-3224.6042008854356,-3288.50115205756,133.74766179192758
116,-3221.76256137991,-2963.9838423928045,-3126.8496109809475,-2920.1711790268196,-3073.5840583303284,-3061.2702504221625,109.16378283014883
117,-3069.7847345884275,-3114.858675943977,-3721.61807180223,-3176.15969269087,-3573.044572166386,-3331.093149438378,264.6106638689857
118,-3170.9019342848014,-3221.7214964305667,-3276.7570589827656,-3066.2238463761614,-3572.6952051211065,-3261.6599082390803,170.2928188254727
119,-3580.0666392585945,-2920.1275587216574,-3319.656663706581,-3121.054363989805,-3222.4247397750964,-3232.665993090347,218.4018762327622
120,-3022.6269254412655,-3265.5011784759204,-2620.4029677322987,-3427.756483483932,-3583.5921034327084,-3183.9759317132252,337.46596733190137
121,-3221.9832394133314,-3164.681559097906,-3078.3648891838184,-3371.843552245981,-3179.6093635412976,-3203.296520696467,96.35082202692439
122,-3425.969171756351,-3424.1292836585426,-3427.791904128311,-2919.339592047348,-3330.9209798728734,-3305.6301862926857,196.62504430810932
123,-3165.976411713189,-3313.893839510834,-3328.7466594715997,-2927.7207302645297,-3570.8952016270446,-3261.446568517439,211.4360238787758
124,-2920.22333692836,-3022.296596005087,-3236.2040369186293,-3168.7523294773996,-3425.2481183642603,-3154.544883538747,174.66911974203416
125,-3030.754366609473,-3373.8355663253433,-2769.550450513454,-3420.9555453567104,-3537.9763844504278,-3226.614462651082,284.1328719291801
126,-2915.3158697524023,-3018.8283748305676,-3626.496175708353,-3268.512648239842,-3223.193239507962,-3210.469261607825,245.13305848451338
127,-3080.40222134457,-3683.8878235482457,-3175.3721826978403,-2669.2183021656206,-3429.4739081292187,-3207.670887577099,341.5115976096803
128,-3178.996639094696,-3373.358572026728,-3172.9070650307353,-3116.067233330289,-3327.867431594926,-3233.839388215475,98.89148719605805
129,-2972.775187482853,-3120.8854451946295,-3322.130431840876,-2919.7740412732637,-3330.5428664704195,-3133.221594452408,170.9253177738059
130,-3124.295756826761,-3625.0348979556384,-3436.565214918243,-3264.7810222539174,-3011.3051902707043,-3292.3964164450526,218.8450232596148
131,-3222.1706539440643,-3267.021058982442,-2970.522814598272,-3018.7338347038194,-3378.039507204717,-3171.2975738866635,153.67464419757573
132,-2771.3728672294055,-3533.4596552351445,-3376.3519589844323,-3268.5934181102803,-3432.81608395124,-3276.5187967021006,266.70182930196967
133,-3530.538234150434,-2972.4030597736855,-2877.311117518899,-2915.5615525313624,-3216.0410356680864,-3102.3709999284933,244.41335612500072
134,-3219.9813217820383,-3524.575257481874,-3078.835691360864,-3016.9030391548185,-3024.425201976093,-3172.9441023511376,190.3260567875723
135,-2871.9678545414313,-3322.9891003701186,-2673.705957792976,-3222.3204888982323,-3070.581118281229,-3032.3129039767973,235.10400525432615
136,-3175.7780228009456,-2973.1556473055225,-3428.020516574053,-3381.6402168147506,-3022.5515060500084,-3196.229181909056,183.54752056716043
137,-2865.675206673836,-3267.324828491896,-3323.5144968219456,-3220.2251403636787,-3174.5735401875727,-3170.2626425077856,160.12216579689942
138,-3381.9402601181814,-3425.6519490303062,-3689.0556497614325,-3532.266791955962,-3528.3960877378045,-3511.4621477207374,106.20579370331421
139,-3571.6643039617775,-3229.1351144713426,-3024.262805943127,-3722.579420770868,-3172.793237144927,-3344.0869764584086,260.72627260913777
140,-3116.610016440086,-3272.9309903727626,-3486.668293922077,-3074.8864945249857,-3223.0529255655065,-3234.829744165084,144.61728851794888
141,-3169.1948585183727,-3270.761500732769,-3270.0932698779106,-3274.3016292444045,-3521.613100270933,-3301.192871728878,117.15369831157936
142,-2726.9889618337997,-3016.751482405833,-2629.6936109269204,-3220.356658158411,-3175.8414803089013,-2953.926438726773,236.98349253131613
143,-3323.1762248602654,-3685.824736038778,-3228.4643086707392,-3780.841549130578,-2818.2334282916427,-3367.3080493984007,345.0133263770987
144,-3170.072539827435,-3131.1966263423956,-3478.611424824581,-3021.1078335096145,-3469.5306428519116,-3254.1038134711876,186.15420739214827
145,-3119.194713100725,-3124.447957279181,-3025.678892237358,-3114.2752309270695,-3837.910005239222,-3244.301359756711,299.02853127994354
146,-3024.833900950359,-3217.140337505391,-3323.133171450618,-2964.332727287237,-3579.6364363185403,-3221.815314702429,220.64545260133397
147,-3134.4898225968946,-2965.318756735674,-3028.2023006558775,-3216.62862842878,-3324.348239446838,-3133.7975495728124,128.6129795219279
148,-2969.737475433634,-2564.994913381658,-3230.859579227999,-2714.4518337104514,-2920.3997802319104,-2880.08871639713,227.7813695982631
149,-3173.8611342870686,-3377.7646903276413,-3227.622427242578,-3226.9561959725033,-3329.10643846646,-3267.0621772592503,74.77292929377414
150,-3125.6151525275036,-3424.2622311474383,-3077.68654897837,-3471.994836562419,-3122.602019720571,-3244.4321577872606,167.8617224940494
151,-3030.8458354372124,-2618.296740251255,-3250.6039043979763,-3365.121304122233,-2909.6949081844964,-3034.9125384786344,262.61199918616194
152,-2925.8001452880108,-3328.294142563308,-3174.269636547182,-3422.592026385125,-3220.08391668495,-3214.2079734937156,168.07631618357067
153,-2966.8238010971418,-3026.765334944782,-2970.6960125873975,-3221.388364795812,-3017.7406911292314,-3040.682840910873,93.51774106813706
154,-3271.3611089983847,-3074.7804365630855,-3020.7333474520815,-2822.4719882065265,-2773.285247161213,-2992.526425676258,180.16400274538807
155,-2826.8202209139445,-3371.403901055551,-3328.253310808428,-3216.8935414405883,-3021.950183628756,-3153.0642315694536,203.00918876273107
156,-3478.2233594559907,-2967.781131286862,-3435.2797332730906,-3471.429790469718,-3455.416369490053,-3361.6260767951435,197.47764586373356
157,-2969.166387436612,-3627.4459881211405,-2984.299787229696,-3168.0405806734984,-3283.746516011939,-3206.539851894577,240.97379374234333
158,-3428.586779221449,-3067.328548855709,-3434.565190969725,-3013.533700176587,-3473.647729123072,-3283.532389669309,199.81937764038517
159,-3181.643890608261,-3521.311723315185,-3364.1401722610917,-3369.8102613626384,-3336.156936503966,-3354.6125968102288,108.045478574402
160,-2768.217024833545,-2920.98942526166,-3556.7390767224942,-3478.4100826325325,-3733.2878713533605,-3291.5286961607185,377.2444364228261
161,-3123.1919382900205,-3572.2103764308717,-3636.3837275091046,-2970.5416291353104,-3249.6673223533758,-3310.3989987437367,256.5342443233377
162,-2723.5762962532303,-3017.700000392839,-3638.777885901794,-3676.168537559926,-3177.5286539284984,-3246.7502748072575,365.8011386227391
163,-3168.7398182084066,-3274.2973847338885,-3228.2313293406824,-3067.563230407742,-3069.551096801421,-3161.6765718984284,83.07502257447095
164,-2821.8813326210666,-3425.881056908412,-3274.439072919991,-2970.8683383918824,-3117.863931862202,-3122.1867465407113,213.7803985581959
165,-2928.6685310751323,-3475.7163323371606,-3229.2754555627116,-3423.2555626220137,-3429.5955544847384,-3297.3022872163515,202.83776947992013
166,-3320.784771188322,-3365.532605783309,-3068.66563689221,-3177.0463204515663,-3275.5437623825683,-3241.514619339595,106.63501564357293
167,-3021.7192891775785,-2820.327081591721,-3575.810673412895,-3423.8732692217195,-3126.0961938333085,-3193.5653014474447,272.9627027949769
168,-3225.454131381353,-2971.865536111804,-3278.9132634889093,-3567.4595537505234,-3176.2577979778043,-3243.9900565420785,192.2681148807175
169,-2920.874456302227,-3228.002251724059,-3332.9877475308663,-3322.18136626878,-3374.2144439030185,-3235.65205314579,164.50200637057344
170,-2815.7874119446806,-3521.3219073308287,-3481.370029333772,-3220.8360521081113,-2920.0344930923866,-3191.8699787619553,285.8392954990652
171,-3272.8291415141666,-2766.364317259765,-3020.06235787558,-3321.201900848008,-3122.427677706164,-3100.5770790407364,198.4965108748492
172,-3328.911899009437,-3425.6123466543895,-3425.5386294739214,-3417.3448088911264,-3022.0633282641575,-3323.8942024586067,155.2663776483325
173,-3169.1781364039284,-3116.6723906187794,-3439.7132857758343,-3563.3379419268867,-3123.2987492250754,-3282.440100790101,183.995449922472
174,-2813.4405907173673,-3323.8473013175867,-3272.311117009971,-3527.9436463775187,-3334.5794307713695,-3254.4244172387625,236.99949410032548
175,-3121.8987307713637,-2766.9401838598246,-3622.2314818226037,-3067.2223449127914,-3579.9733277440546,-3231.6532138221273,325.2445364994161
176,-3224.828831618639,-3073.7833111939576,-3281.8059473255626,-3017.7875147028712,-3078.2480674754433,-3135.290734463295,100.32727851453183
177,-3277.3570238590255,-3118.4191802315454,-3035.7042063053896,-3076.0221990531895,-3529.8442627156946,-3207.4693744329693,180.84325927284578
178,-2817.8663342556415,-2867.8731179948495,-2766.2326461022394,-3366.913930220977,-3169.185151743575,-2997.6142360634562,231.73189219748642
179,-2720.5807591595935,-3416.4693796406586,-3328.976156970691,-3224.5263929596335,-3019.114316038291,-3141.9334009537733,248.91732557894042
180,-2568.5917637663642,-3472.5653546754734,-3228.3576852697347,-3219.951780758424,-2613.000169137128,-3020.493350721425,362.6640541821757
181,-3376.8214086632897,-3367.6829606029182,-3282.9848477160176,-2771.3244151244526,-2967.802701969868,-3153.323266815309,242.0969334649215
182,-3079.009660631795,-3076.8238164637837,-3278.6045424948948,-2924.3151865186387,-3022.3625070038515,-3076.223142622593,115.7094220043358
183,-3324.0010833288775,-2966.8811425628364,-3123.46308299865,-3021.335540138264,-3114.7208264664487,-3110.080335099015,121.93798915870302
184,-3215.1608497201555,-2766.874170184805,-3373.9680000202534,-3261.3402938308595,-3077.5778298924456,-3138.984228729704,208.91524526033953
185,-3385.803119944686,-3628.0970631934033,-2726.3270486939227,-3170.7575743705866,-2714.5415943226863,-3125.1052801050573,360.73115957836154
186,-3067.10801156579,-2911.713226385182,-2930.2535590725174,-3162.3008323023037,-3122.548309611706,-3038.7847877875,100.99599513820255
187,-3118.0541335299386,-3476.422368805872,-2971.7521744525407,-3375.9052359577126,-3067.0492143144784,-3201.8366254121083,191.74108498813501
188,-3223.6300280213386,-2972.015830016303,-2907.5523137673417,-3115.311233090787,-3177.703028554609,-3079.2424866900756,120.67996208363417
189,-3021.51189670808,-3673.7307063734565,-2924.2467630375154,-3375.2802628033764,-3078.768711341271,-3214.70766805274,274.46575424036365
190,-3527.6758136804838,-3220.2619163908194,-2925.3046594752777,-3330.2718181018317,-3178.542399205943,-3236.411321370871,196.99835930104513
191,-3473.156700056955,-3632.6279781760204,-3023.3447604168014,-3445.6923820284906,-2669.25731258296,-3248.815826652245,353.02301515160707
192,-3473.826762783724,-2514.4771166783175,-3581.121189258277,-3543.969934900243,-3274.1203862152474,-3277.5030779671615,395.96757260462255
193,-3636.9892352500483,-3228.648262076958,-3381.7874326844208,-3627.769524328401,-3426.691175580381,-3460.377125984042,155.06218215803534
194,-3530.6995639978336,-3268.431144030372,-2570.7326592739782,-3171.641249394875,-2974.2525230813603,-3103.151427955684,320.901954416598
195,-3122.8783442227377,-3120.1893410413777,-3373.6547799893883,-3277.140570807057,-2968.8057427967738,-3172.533755771467,140.07351859254615
196,-3730.2987235540095,-3269.015706133431,-3287.4839125619687,-3021.195676352897,-3017.587332045969,-3265.116270129655,259.8761486786629
197,-3125.466598199485,-3279.1988090813284,-2865.551054644252,-3274.2838668644536,-3230.5000639298914,-3155.0000785438824,154.92395458043876
198,-3017.0454900519185,-3021.9855047849355,-2924.2309523931485,-2914.66728301684,-2863.7493983021363,-2948.3357257097955,61.66809967576183
199,-3577.6374343465923,-3121.0253483029387,-3025.676127734994,-2914.2511885273902,-3372.8231196672677,-3202.282643715837,241.134817689144
200,-3218.9498996701354,-3117.2468653366277,-3189.2901573412505,-3471.629426370919,-3064.030271695589,-3212.2293240829044,140.60185715135063
201,-3123.8516365903956,-3171.943230984511,-2970.4526025359,-3519.7592370734596,-3469.7005260560145,-3251.1414466480564,210.32587517588186
202,-3123.4203356682083,-3173.6551593664863,-3067.0125106112096,-3529.1096014117215,-3068.391450474649,-3192.3178115064547,172.96417426762457
203,-3236.320338536985,-3221.7457669899154,-3024.5782085658734,-2962.74276800887,-3472.577154325623,-3183.5928472854534,179.8933996425295
204,-3018.1842050949904,-2972.4759678955515,-3023.1477318777306,-3623.1068664893983,-3121.9024065384174,-3151.763435579218,240.65980846055888
205,-3170.5318402905978,-3274.129173310889,-2951.221722385144,-3174.246237560352,-3119.6388558763088,-3137.953565884658,105.94952384786671
206,-3629.4237698632137,-2615.299987529395,-3127.405265859921,-3170.001367623778,-3078.259962527291,-3124.0780706807195,322.00892287078636
207,-3074.1699495673956,-3268.417077430464,-2973.219453014991,-3263.8758884506733,-3011.722813384195,-3118.2810363695435,124.96559335110135
208,-3832.554270754071,-3373.50256174345,-2891.4286742514487,-3168.686188088332,-2918.73255114617,-3236.980849196694,346.03419600369284
209,-3335.0440913496363,-2922.1268528417727,-2919.1665779046634,-3220.2785728335816,-3526.4769268020395,-3184.618604346339,236.69950193223605
210,-2930.7391223722807,-3127.430232756131,-3079.676491097262,-3071.332722846493,-2774.064482803931,-2996.6486103752195,129.19979322032998
211,-3018.4570439249437,-3060.7565586827627,-3727.9145378194794,-3419.69140564073,-3230.3990262433267,-3291.4437144622484,260.1611001003675
212,-3728.897961585917,-3182.9958581189726,-3126.1213571593403,-3217.6689017761455,-3217.7669885559767,-3294.6902134392703,219.67108223217568
213,-3270.7745533097554,-3267.69654114605,-3790.0226837165424,-3369.004365938552,-3479.1010044600885,-3435.319829714198,193.54656364437608
214,-3182.2916231766458,-3621.6133736317543,-3021.9286449774,-3427.3871926535776,-2967.4294129820323,-3244.130049484282,247.32065740887208
215,-2719.4052018322272,-3377.8836081533555,-3075.263152218578,-3068.4159856768406,-3370.5898385488363,-3122.3115572859674,242.65654512288856
216,-3017.910818230862,-3227.0261094301304,-3274.436884049347,-3313.898638769597,-3518.6656429033496,-3270.387618676657,160.73352978204596
217,-2967.879134453157,-3572.2261115831698,-3131.168816076135,-3269.8059488764834,-2921.693113345881,-3172.554624866965,234.8324751066567
218,-3539.5112390113172,-3017.408451189903,-3573.189458494311,-3631.4054647513885,-2824.9305010535672,-3317.2890229000977,330.41856988860013
219,-2878.755857905001,-3370.3412910642114,-3836.9113459542946,-3214.6304643118583,-2923.2146027470594,-3244.770712396485,347.75627673791604
220,-2974.5460932196943,-3266.9006055166965,-2925.7753718686695,-3674.838352604642,-3271.286863506318,-3222.669457343204,267.7640970356003
221,-2816.0044740506664,-3116.267215914848,-3384.5748268310585,-3020.5517429433353,-3126.7738410676056,-3092.8344201615027,183.66983943017522
222,-3326.695996068077,-3578.1424701394717,-3033.185778019879,-2869.4691655335896,-3587.205386938273,-3278.9397593398585,288.0596479834003
223,-3278.192383508574,-2919.2751794681762,-3474.7144504682856,-3064.018316584783,-3213.8884263880427,-3190.017751283572,188.98369409145224
224,-3068.34560231796,-3625.410363179389,-3130.8436288164385,-3219.2685277876994,-3173.467080960135,-3243.4670406123246,197.3412349523703
225,-3677.461554669111,-3227.860391007978,-3388.082794139145,-3163.6948997686004,-3373.462867263243,-3366.1125013696155,177.5170336001562
226,-3223.2480914183902,-3619.6102065585933,-3017.1725819417074,-3270.6633935131367,-3276.577785773393,-3281.454411841044,193.76399583591413
227,-3430.1608830787686,-3265.1374297101506,-3480.0387033362053,-2814.928615954845,-2916.7574916572707,-3181.404624747448,269.2270200607223
228,-2869.3964054486337,-3220.802945303417,-3271.1969437223124,-3571.804054022243,-3167.468354992074,-3220.133740697736,224.53072351055098
229,-3025.9301162930014,-2915.7728323452498,-2777.5451177033406,-3418.348736538656,-2925.5167360620817,-3012.622707788466,217.7243760218414
230,-2463.308251212162,-2869.0064165170375,-3280.1908614687354,-3022.354080156221,-3224.299922634852,-2971.8319063978015,293.4441083712427
231,-3433.461043737038,-2872.0365717972177,-3220.5155422011626,-3267.075376039004,-3022.4182042183043,-3163.101347598545,195.81205487493622
232,-3274.4538558685476,-3320.6044482744887,-3627.53330357841,-2927.0138640723676,-3074.336288447558,-3244.788352048274,237.97325550565193
233,-3174.419409198335,-3022.792798200448,-3423.803922001558,-3928.0262989726143,-3075.214376099987,-3324.851360894588,331.60198637535115
234,-3172.6608727534353,-3269.2992757004963,-3125.223343052775,-3069.5550684634545,-2713.0196029635267,-3069.9516325867376,190.12851645269888
235,-2966.585972168534,-3165.3174451877635,-3585.284626090801,-3017.566577542482,-2968.205679306632,-3140.5920600592426,233.87743593343083
236,-2926.4647022341564,-3122.555533299452,-3174.4739289838008,-3119.6180180547585,-3131.6615168210797,-3094.954739878649,86.52128383552194
237,-3475.5592030245984,-3269.1448150557067,-2969.432082378531,-2918.9808762489247,-3121.804519177441,-3150.9842991770406,203.44484803307466
238,-3430.321650549958,-2922.010487693386,-3382.754450496442,-3318.8724134104777,-3220.8751297000263,-3254.966826370058,180.65717951126464
239,-2920.136260353718,-2969.264196115465,-3528.5737871445167,-3119.069913865911,-3215.7660251567427,-3150.5620365272707,216.3798247484243
240,-3078.97763934862,-3118.6501867804795,-2974.5818298282497,-3527.7379892407876,-3171.7456862495433,-3174.3386662895364,188.1465019234578
241,-3131.104262561482,-3678.083184740555,-2776.203224773797,-3222.779775211581,-3121.313064836837,-3185.8967024248504,289.3544185847501
242,-3625.094279166815,-3169.6531020563825,-3481.9496605725462,-2871.862100071446,-3085.0845359355394,-3246.728735560546,272.42755481315146
243,-3126.5681216811386,-3628.957987448333,-3322.576793306161,-3065.416688307066,-2914.53515179001,-3211.6109485065417,246.31323258406718
244,-2781.151060270379,-3177.3474853398207,-3374.4452811725955,-3575.5445092699574,-3171.6502133048352,-3216.0277098715173,263.41286160181704
245,-3480.7313747491803,-3224.8758169154744,-3538.695304969834,-2962.2178495472103,-2925.6556824242384,-3226.4352057211877,253.95057621389313
246,-2618.224125567897,-3018.5365222217547,-3082.3610237805324,-3274.4625368964307,-3126.5746575348153,-3024.031773200286,219.70114094677905
247,-3468.989572491737,-3329.7160920356264,-2927.24641340981,-2956.950992531182,-3833.2903435934663,-3303.2386828123645,337.76160966464
248,-2922.427815115838,-3623.3823614104735,-2844.3832636849115,-3159.9782405369983,-3428.666885844647,-3195.7677133185734,295.487031722851
249,-3231.0993190060085,-3270.945249006586,-3639.8965639104586,-2976.2380575799057,-2614.364561839085,-3146.5087502684087,340.0709006239067
250,-3629.6061333884886,-3170.4172543274085,-2778.9864898431892,-3316.5047398273164,-3372.702231269439,-3253.6433697311686,279.8929452230604
251,-3140.9576380059725,-3324.6549328451556,-3636.44056669406,-3275.0982120707317,-2770.620308912334,-3229.554331705651,281.1208242057561
252,-3127.932387847901,-3275.5768500934732,-3179.6700204118665,-3074.2166466309855,-3128.0318129686207,-3157.0855435905696,67.98754024990755
253,-2669.8245784131486,-3472.5328467314316,-3386.8726463508797,-3526.1687575213377,-3221.9446611910153,-3255.4686980415627,310.4078801777384
254,-3270.7809519097586,-3274.4059754156638,-3216.165231571738,-3363.552722810444,-2970.2705819201765,-3219.035092725556,133.05707943377342
255,-3281.8742780551174,-3117.7316936014186,-3277.0481755429114,-3173.0280136225656,-3131.1715959888706,-3196.170751362177,70.42643611803915
256,-3376.194755209934,-2962.8821301683965,-3523.1118016360633,-3266.3414606790748,-2774.5909397075698,-3180.624217480208,273.92249471561075
257,-3885.7752334392385,-2667.052683985189,-3230.2588988961547,-3022.6894916225765,-3271.595598677419,-3215.4743813241153,397.64400590293275
258,-3177.134389355025,-3215.30040889143,-3169.5135038210788,-3321.7952990620574,-3077.3142041691426,-3192.211561059747,79.08092763532366
259,-3382.660720761939,-3118.2904214620457,-3376.733306730015,-3172.49958708292,-3374.3048698622715,-3284.897781179838,115.2183578809051
260,-3378.3782769832696,-3011.211573793293,-3428.1363856746866,-3020.1791120641865,-3225.5223488285337,-3212.685539468794,174.17716125113117
261,-3472.06477794643,-3668.370219652019,-3069.9137735006184,-2971.1737968461894,-3376.895090402134,-3311.683531669478,257.52653471364874
262,-2718.921368689714,-2975.342110781773,-3124.9564711303206,-3372.7797285932857,-3167.716643445208,-3071.9432645280604,217.45885134486613
263,-3387.234554801879,-3067.4678396003665,-3428.2386511957125,-3374.7132366826368,-2664.611995952476,-3184.453255646614,290.0589449066714
264,-2927.470438557101,-2968.2539312316217,-3073.4690487054872,-3268.704041635421,-3171.310212734753,-3081.8415345728768,126.27344800491883
265,-3427.9006765666177,-3072.0936197214946,-3199.6616887674586,-2917.389157251417,-3125.834815163669,-3148.5759914941314,167.5983858972245
266,-3179.797925484151,-3216.0730021077857,-3708.337029854767,-3269.593089388827,-3120.3126398065497,-3298.822737328416,210.44553097319192
267,-3434.308197761724,-3784.54453379919,-3271.2339681682884,-2917.9340032108125,-2974.6288760309344,-3276.5299157941895,317.0918326795218
268,-3172.8430292620737,-2777.4459414186495,-3703.0415351997262,-2673.1543265018913,-3212.732991025479,-3107.843564681564,365.40516403314683
269,-3278.578240954925,-3169.4857342186533,-2673.0342607569496,-2612.623676556575,-3482.333702959678,-3043.211123089356,342.52242445073665
270,-3074.9742211958296,-3370.8451083329346,-3675.0453932533774,-3116.443459621336,-2713.828140069195,-3190.2272644945347,320.4231149871895
271,-3483.439406441589,-3375.33409885565,-3224.1600316729737,-3321.346338610836,-3125.187585554187,-3305.893492227047,123.22201365437232
272,-3176.5371731944524,-3360.4142811009615,-3480.1941851480383,-3269.3917066062086,-3323.524735785836,-3322.012416367099,100.42952531164252
273,-3482.2438309147105,-3067.8167686464158,-3638.4662284333,-3328.3582924521766,-3470.1034237459057,-3397.3977088385013,191.82755469642987
274,-3175.8883365857027,-3221.0543665137902,-3077.7260801096754,-2766.415678128325,-3275.9199577188806,-3103.400883811275,180.5978006831698
275,-3075.330154861137,-3469.1238496551455,-3081.3444112223083,-3028.530483803967,-2820.3023077802936,-3094.92624146457,209.96143659538893
276,-2879.739263621063,-2670.6737897920257,-3580.584095427838,-3673.130163431275,-3430.4155410651597,-3246.9085706674723,398.381433521762
277,-2865.615626536599,-3682.963039683474,-2773.8830574412173,-3014.684406230883,-3127.481906538966,-3092.9256072862277,319.0354121255399
278,-3232.376051468734,-3018.842658534434,-3282.679366925271,-3172.25156604355,-3323.305640490753,-3205.8910566925483,106.3040945682127
279,-3229.2542068070306,-3418.2227538557026,-3079.501694408767,-3419.088989432933,-3410.4268642804745,-3311.2989017569816,136.63018949466417
280,-3474.300582386264,-2824.5589656716347,-3274.8027082338526,-3620.5671961327025,-3169.9727801840418,-3272.840446521699,273.1453723054856
281,-2821.1283319858635,-3528.1302093445593,-3233.2850381847984,-3224.4482265199163,-3678.686260762974,-3297.1356133596223,294.917847538849
282,-3738.5936531104235,-3069.5228903763827,-2977.229530325714,-3417.248969289057,-3075.4870698122604,-3255.616422582768,284.2424083777916
283,-3477.4335932723407,-2872.25418099554,-3132.624002168932,-3020.998894276018,-3327.9814597098693,-3166.2584260845397,215.24610401261793
284,-3632.1902058909036,-3219.1515661444555,-3124.8985715933663,-3220.8192842640065,-3020.6623442387,-3243.5443944262865,207.8029100104173
285,-3024.1837793760997,-3225.795247426387,-3323.4516559757562,-3219.5802537077925,-2971.1352630382453,-3152.829239904856,133.00684246119343
286,-2973.6594147800915,-3630.3900279367767,-3286.398512477421,-2514.37454198049,-3224.937495936545,-3125.951998622265,370.7341242646228
287,-2778.869280369478,-3117.4001774343633,-3528.824227828849,-2712.2461058100025,-2823.2466144184996,-2992.1172811722386,302.01656822768973
288,-3423.943520490644,-2767.307060603964,-2974.6765076033093,-2815.1542766153752,-2867.509952295969,-2969.7182635218524,237.3402739745091
289,-3367.9526960425487,-3328.523662552758,-3330.0136468244455,-3573.9044075841603,-3074.1422618348033,-3334.9073349677433,158.91804141188902
290,-3275.689411082468,-2971.9828861232068,-3178.2011310182224,-3220.084778297053,-3378.574862841575,-3204.906613872505,134.43800617329742
291,-3483.545099432855,-3425.056259685264,-3381.6070443705253,-2920.6369557408357,-3174.380927907677,-3277.0452574274314,206.42163205111532
292,-2868.738759194162,-3227.849353463044,-3078.178322017892,-2866.5610192030076,-3376.6923926322697,-3083.603969302075,200.0058464609478
293,-3226.5766465446186,-2878.941171152001,-3035.7694006819165,-3427.8305083510636,-2771.765571436056,-3068.1766596331313,236.28850183230594
294,-3382.65594148091,-3269.4157731289665,-2965.4272191806713,-3725.007726555552,-3571.612476900218,-3382.823827449263,260.69611371619504
295,-2765.025620172599,-2819.5053686403835,-3173.5691757431487,-3277.70214314281,-3177.2834444463906,-3042.6171504290664,208.51106556750875
296,-2974.320222631872,-3115.102599914473,-3380.247407617359,-3019.583117443208,-3122.470066085252,-3122.3446827384328,140.7390912833754
297,-3224.8499236384646,-2964.9058588661355,-3233.0625545006437,-3071.592539601529,-3270.205421904763,-3152.9232597023074,116.03110460212258
298,-3316.0603981964655,-3331.136863084422,-3015.3700102861776,-3730.3957668686535,-2971.525405294993,-3272.897688746142,272.6554862114561
299,-3274.135447536146,-3317.177746175836,-2928.1750346778786,-2708.64062022693,-3528.1554277656237,-3151.256855276483,293.37895446944816
300,-3124.342344707363,-2972.599821315864,-3175.740070075762,-3067.51537729641,-3432.658868406239,-3154.571296360328,154.52310830355677
301,-2978.5965815915865,-3268.6939944479404,-2968.5558591212493,-3415.6876167645887,-3628.501234441969,-3252.0070572734667,254.5252501485456
302,-3223.8542824349383,-2964.1280836218557,-3078.22328022794,-3167.6613287432056,-3119.0038834167353,-3110.574171688935,87.92658746869616
303,-3118.4108290678378,-3374.827265605971,-3378.476465826939,-3427.3612960517316,-3278.8105169387486,-3315.577274698245,109.71685272175849
304,-2869.3475233944123,-3473.6154140498497,-2868.7454297928784,-3065.5380266858006,-3176.1948131520644,-3090.6882414150014,224.86771744199854
305,-3524.340614533495,-3722.9239289920038,-3371.636597132615,-2464.8574646304146,-3116.1240947321785,-3239.9765400041415,435.3353850226899
306,-3425.9414114356155,-3225.0991714853985,-3333.9515424096103,-3318.219630440747,-3027.2406214247135,-3266.090475439217,135.35467093014736
307,-3224.4606413126216,-3324.1899611618937,-2974.877202782714,-3168.128463326825,-3068.3337632475427,-3151.9980063663197,121.27042429230369
308,-2979.7669134003786,-3019.689607779528,-3081.822660638605,-2971.4633036135488,-2967.718787265808,-3004.0922545395742,43.04577387386396
309,-2768.298779017664,-3067.1029815549637,-2928.6368331674666,-3579.9093549897298,-3225.3073576416914,-3113.851061274303,277.67927980470523
310,-2718.315280546841,-3369.928956110088,-2969.308092642564,-3276.5311397611376,-2412.99730426616,-2949.4161546653586,353.6619051952121
311,-3230.0873537242915,-3268.989663644228,-3178.639672581876,-3513.116891384027,-3224.327231537495,-3283.032162574383,118.56086022517296
312,-3429.9258131203605,-3176.883058415091,-3786.080963614338,-3032.5863322984223,-2863.157757424622,-3257.7267849745667,323.0229999357367
313,-3392.91673902316,-3274.686925113098,-3129.8430176047973,-2914.807446658867,-2864.8833112926095,-3115.4274879385066,202.77694430406234
314,-3028.326992088741,-3262.8951507034703,-3280.924889835623,-2920.3316873123863,-3323.3030969193196,-3163.156363371908,159.12699987980469
315,-3474.6443470226864,-2871.7236406073494,-3127.207738449386,-3369.3772857248655,-3171.279944329838,-3202.846591226825,208.79012904752955
316,-2878.9342095161237,-3326.081004860849,-3326.8250189264713,-3264.8742908146305,-3024.8673755018203,-3164.316379923979,180.87440564940647
317,-3176.943333860052,-3019.605945996179,-3125.4148681464003,-2914.9733127097584,-2666.3551464210395,-2980.658521426686,181.16301364923387
318,-2969.5284933288713,-3018.682775706723,-3074.9051883635566,-2715.1183305060185,-3525.242648007244,-3060.695487182483,262.8710863326134
319,-2923.9276398388442,-3369.943578577677,-3333.4355453006583,-3111.7375826799407,-3114.338628419297,-3170.6765949632836,163.54242701632677
320,-3119.747072310412,-3732.9159308479857,-3228.7358608190793,-2773.7915037581142,-2973.185104561634,-3165.675094459445,322.01656939076446
321,-3376.028167780561,-3220.7345963799557,-3077.730293839498,-3182.6918369084465,-2927.3786393182017,-3156.9127068453327,149.46914399729081
322,-3073.2004978380332,-3169.688492087723,-2769.4362057411445,-3264.192874819224,-2977.871168465808,-3050.8778477903866,170.09229480795838
323,-3116.8105377139946,-3185.8249174891107,-3329.8676336882745,-3481.485906143763,-3267.5976707966493,-3276.3173331663584,125.43452923816454
324,-2881.2216775549664,-3163.796232628183,-3228.126183577954,-2969.4130445804376,-3428.8689869155455,-3134.2852250514175,193.74241290132645
325,-3422.590834508142,-3157.5694156448653,-2878.480723576788,-3468.6222792974886,-3635.9132507260824,-3312.635300750673,265.88208492677364
326,-3376.5171378211644,-3255.194818726807,-3385.476355051152,-2974.7959015681477,-3081.0099234234895,-3214.5988273181524,162.73668407632204
327,-3178.8597319703963,-3576.6057796025534,-3171.3670141515872,-3188.868419637617,-2821.9592003253583,-3187.5320291375024,238.89754241258834
328,-3328.985673182072,-3314.12831640138,-3230.4720278687264,-3008.500712804825,-2910.9085757043645,-3158.5990611922734,168.68121466245842
329,-3431.9000866672495,-3390.1028012633055,-3173.7895053954303,-2812.824800751031,-2821.831130754498,-3126.089664966303,266.9106051575259
330,-3072.8539765976184,-3216.4021570117716,-2979.1175494866175,-3221.162227236603,-3081.6639102826016,-3114.2399641230427,92.62996295973262
331,-3223.8657029865485,-3226.875996465609,-2924.097914212462,-3146.554496377034,-3080.8540187228364,-3120.4496257528976,112.09346850259949
332,-2985.7350952652605,-2823.6877808418585,-3217.813295577002,-3449.301820690962,-3372.6992688347964,-3169.8474522419756,234.63512258927815
333,-3375.1895625676907,-3474.2176770101396,-3286.6175033201444,-3178.45821681659,-3370.7197146236754,-3337.040534867648,99.093932709088
334,-2918.1700979775324,-3214.0350815764536,-3223.529200938663,-2715.9115561635003,-2714.6294774795383,-2957.255082827138,226.04397448602518
335,-2764.4161530983265,-3484.7991846240666,-2873.432904276216,-3021.938117535706,-3173.8826435520486,-3063.6938006172727,251.78609238693036
336,-2983.196522176549,-3116.416415762287,-3329.221765090296,-3322.0006235055507,-2819.6095609271583,-3114.0889774923685,196.65489948417576
337,-3116.8763938354045,-3118.883965332863,-3028.9552345326306,-2614.1384344153616,-3039.4841581332557,-2983.6676372499032,188.54511949662873
338,-3481.806523709092,-3062.381865346321,-3286.6675142558197,-3616.6791956868205,-2932.990777704554,-3276.1051753405213,253.7007742041087
339,-3072.7258814918796,-3464.162505640718,-3170.2292248028602,-3120.7443711395636,-3344.3950474296294,-3234.45140610093,147.01273223830114
340,-3228.1377484401255,-3374.5380128892316,-3492.8670922574606,-3319.56781010892,-3324.0064697712805,-3347.8234266934037,86.53510607888472
341,-3171.6854535839325,-3165.5272797234475,-3273.738763068724,-3176.916367003305,-2816.3019368532755,-3120.833960046537,157.38375743781555
342,-2666.199983553105,-3231.53768704958,-3523.951684752344,-3124.5846695851124,-2675.399013489616,-3044.3346076859516,331.8484210011692
343,-2767.2718747117297,-3124.8341660795904,-3175.5576690050175,-2765.4155833247924,-3120.32698173635,-2990.681254971496,184.1959177091343
344,-3232.073706367349,-3317.046684069414,-3129.281525596777,-3323.563135874073,-3176.6813578103515,-3235.729281943593,76.36550424541582
345,-3122.2226797150965,-3266.7833584284917,-3327.3698250566163,-3759.5715911938723,-3077.7596778638604,-3310.741426451588,242.27139542800734
346,-2720.783870851544,-2967.3293741214316,-3627.577559428369,-3632.360574398652,-3326.4835202355316,-3254.906979807106,361.7916950227823
347,-3322.5206245442764,-3870.3228872684795,-3026.3816624565306,-3228.393261492446,-3168.2450023410092,-3323.172687620548,289.98082904295006
348,-3277.8739881315646,-2977.8062223610764,-3074.110113766424,-3120.2676957487733,-2961.5365652131445,-3082.3189170441965,114.24584014149033
349,-3018.373708571049,-3510.718670886352,-3223.704891823889,-2860.223725446592,-2916.5424169564744,-3105.9126827368714,237.3310455281417
350,-3274.3651568553064,-3354.164932098962,-3634.38523538627,-2975.3277808493476,-2871.6289576491777,-3221.9744125678126,273.4513883815253
351,-3377.4386089400587,-3272.9792759216716,-3322.851445071339,-3274.4758885114397,-3601.5847297844175,-3369.8659896457857,122.02261526998393
352,-3075.242969421376,-3368.6672604226774,-3026.7870992016537,-2863.731422477374,-2893.22480405145,-3045.5307111149064,179.94412546970992
353,-3338.8842345019043,-2868.3209467183606,-3022.808194308008,-3323.803473011479,-3127.979582315064,-3136.359286170963,179.42145869056085
354,-3564.525823547962,-3429.623941229349,-2819.3105348376175,-3318.842117994362,-3167.582917055626,-3259.9770669329832,256.01514517357396
355,-3178.267345741886,-3017.8660718566007,-3173.676927842777,-2865.426649104738,-3521.981051982146,-3151.4436093056293,218.24779025150917
356,-3824.806887283205,-3771.4709519677735,-3231.0409707726294,-2873.728255810446,-3372.0046016456076,-3414.610333495932,353.17901835572553
357,-3854.089948470563,-3570.282839216495,-2876.068104642694,-3267.414582072339,-3265.3922198826062,-3366.6495388569397,328.58345631794657
358,-3525.185145304049,-3171.9408773961964,-3032.701612692668,-3221.9070667792703,-3071.8945048883897,-3204.7258414121147,173.95442681963846
359,-3134.433643125533,-3219.4275905915893,-3125.5233351667544,-3071.5859195487883,-3118.1357287537053,-3133.8212434372736,47.993641034083765
360,-3220.0683048737674,-3220.9382245256493,-2928.6259394728972,-3423.702590772119,-2970.5881830084104,-3152.7846485305686,182.21482412547653
361,-3526.35695851516,-3322.963486540022,-3474.6448449541726,-2661.9483207128683,-3073.036151332576,-3211.78995241096,316.85425287224064
362,-3329.4960177193316,-3015.382400829837,-3181.2563269550774,-3066.2062027118095,-3330.5814773347656,-3184.5844851101638,130.35974357666169
363,-3737.939309676252,-3272.874542909707,-3329.8860431847197,-2865.376400121305,-3379.761956397794,-3317.1676504579555,278.28252086970724
364,-3116.9190548203896,-3177.2363725554087,-3230.0318529227457,-3019.095747686305,-3373.657004221607,-3183.3880064412915,118.17432068497318
365,-3481.58118155047,-3080.710895913528,-3591.7033659484723,-2964.2792002292103,-2972.962667071469,-3218.24746214263,265.47872821268464
366,-3329.9457934923967,-3673.5768586875965,-3073.5782570399,-3070.660809719948,-3071.2151619729048,-3243.7953761825493,237.0094484179733
367,-2820.022724734799,-3476.5345784061788,-2967.550828232983,-3171.6133618783992,-2816.7244104971687,-3050.4891807499052,249.32920951859586
368,-3067.2412198679644,-3525.8473200771223,-3576.587415485661,-3065.9507447503834,-2771.800493034104,-3201.4854386430475,305.5920284185308
369,-2973.1965369510135,-3118.6421999654935,-3426.9537384965433,-3417.381254596015,-3076.296576251422,-3202.4940612520977,185.52247685077774
370,-3482.595512288437,-3217.8315954388454,-3377.293210469483,-3772.274417929707,-2972.657920697605,-3364.5305313648155,266.6240887550913
371,-3235.0825949651007,-3120.3362596998168,-3079.260520261278,-2962.951005700944,-3280.707867266428,-3135.6676495787133,113.28534851332795
372,-3378.2984184543957,-3067.2447659015393,-3133.320123895602,-3569.974840818876,-3314.669962694979,-3292.701622353078,179.40073206658354
373,-2917.7491934992154,-3327.8635235633465,-3230.9324756574183,-3374.8170829144474,-3327.158378455295,-3235.7041308179446,165.7273407627401
374,-3535.2852880564296,-3328.0705797509117,-3737.916377332275,-2972.3499880803142,-3230.175345861722,-3360.7595158163303,261.4151091978038
375,-3377.785427629015,-3066.769518069299,-3175.37522354996,-3225.9533726615036,-3422.8043424369425,-3253.737576869344,131.02756651197865
376,-3045.295498659954,-3270.9969738058094,-2675.9845954091215,-3064.6130361672094,-3877.067402160958,-3186.7915012406106,394.8274995793639
377,-3304.0984159139603,-2770.075842115276,-3534.564246975317,-2575.531591193435,-3377.2398605576027,-3112.3019913511175,371.62469111883047
378,-3295.3462607753127,-2870.5077759395163,-3020.5827009328414,-3524.0454002734946,-3119.192699573231,-3165.9349674988794,226.0883506104954
379,-2919.697673655058,-3775.6233851007983,-3321.125447363583,-3122.312808129652,-3338.625246473823,-3295.4769121445834,284.34349108274756
380,-3223.750856927793,-3072.68540741816,-3332.5567814928922,-3167.991470669503,-3122.3927365643035,-3183.8754506145306,89.54533693308142
381,-2879.561997648802,-3015.7872538602933,-3030.1295909468035,-3270.536587076946,-2367.8518089288164,-2912.7734476923315,300.14042224592754
382,-3370.6623067326586,-3574.3235749236956,-3270.022309027441,-3370.4126346143407,-3472.1781317103373,-3411.5197914016944,103.50379325314643
383,-3374.709880564645,-3234.6765064477704,-2876.117974647799,-3426.531124404803,-3320.621667135671,-3246.5314306401374,195.7884754178252
384,-3223.662101582704,-3323.664738673195,-3179.7764055044404,-3167.1026201003747,-3274.5812148593313,-3233.757416144009,58.66623544645705
385,-3119.0996487111784,-3623.064414017792,-3126.2506388410707,-3024.3397567876414,-3579.8096598155416,-3294.512823634645,253.54126413500336
386,-3077.235464662029,-3169.9534556907224,-3435.1654245247705,-3015.523725260334,-2926.797465045739,-3124.9351070367193,174.22636604309216
387,-2912.7129071031927,-3168.0653458785737,-3123.4271335212834,-3020.8343856791635,-3022.7313353321265,-3049.554221502868,89.18737046216174
388,-3121.2668300942746,-3321.653838006136,-3731.002418844703,-3124.956199321956,-2965.6047691365643,-3252.8968110807264,264.4029010140135
389,-2918.1805016315907,-2975.63429002325,-3181.026530430579,-3020.2012535567137,-3318.12894688768,-3082.634304505963,146.6497179969117
390,-2827.820492864928,-3594.401473855371,-2967.176427443743,-3371.952292657015,-3279.3456754351064,-3208.1392724512325,277.059203936102
391,-3173.1257322503284,-3117.0523346495957,-3538.6327988794274,-3576.410100598818,-3221.954814001818,-3325.435156075997,192.75445505756593
392,-3181.149928760462,-3626.082865753083,-3230.3273711214574,-3176.798587022291,-2973.1973563147703,-3237.511221794413,213.4310048036401
393,-2665.9304680776927,-3432.0789012871605,-3230.213609894213,-3873.0157633236518,-3784.110575076467,-3397.0698635318367,433.57962812134105
394,-2917.2278646885666,-3116.975963700568,-3075.8030173980137,-3267.891480320715,-3033.4933795094657,-3082.278341123466,114.29761548131833
395,-3170.872779498828,-2916.4093759882926,-3427.5847369501353,-3213.5861852735534,-3026.8198393646644,-3151.0545834150944,173.93362696083474
396,-3521.6889156667285,-3177.2396942131336,-2921.5113121034565,-3065.079975942392,-3120.3527871449733,-3161.1745370141366,199.28258719498393
397,-3525.1004376611727,-3428.9040033132237,-2671.601962821946,-2767.027395055515,-3178.7956857836443,-3114.2858969271,343.0662283699073
398,-3325.2408103868634,-3372.1352244356144,-3034.5701634455654,-3118.697644206741,-3030.758039340429,-3176.2803763630427,144.9983713552117
399,-3376.0837387631045,-2865.391752584287,-3524.4421368014287,-3069.2212141924456,-3021.2841565541835,-3171.2845997790896,242.1365048456336
400,-3227.32358696966,-3114.9574593514403,-3635.495704023564,-3476.007132828089,-3273.338742111206,-3345.424525056792,186.25378727655396
401,-3071.376276121267,-3025.1267781085485,-3379.7604186503645,-3231.7500873152694,-2963.6140154763348,-3134.325515134357,151.49866408942057
402,-3026.175670374243,-3170.3914477068706,-2973.455533745565,-3166.2592475349047,-3320.5291532068004,-3131.362210513677,122.08516990286799
403,-3120.6849005187105,-3322.939398615525,-3280.8963697495856,-3122.808606952384,-2812.4130687458924,-3131.948468916419,179.43037056298232
404,-3324.044459266124,-3222.3429619151275,-3176.6924194392504,-3080.7551632918394,-3216.7570282646543,-3204.118406435399,78.54272958504096
405,-2868.5406313290387,-2962.599754692046,-2979.5273609530304,-3325.458153330517,-3020.2086596924028,-3031.266911999407,155.26929733594505
406,-3067.101687004767,-2920.644865168779,-3182.472100535014,-3510.7396436914955,-3371.2840505906443,-3210.44846939814,210.40911567593267
407,-2925.6061378388017,-3167.849068493426,-3379.9253661905473,-3442.6319858221236,-3384.2969492870448,-3260.0619015263887,191.5710298416503
408,-3375.5550652711736,-3775.1346953374314,-3779.806111577895,-3322.687775867566,-3277.092825863882,-3506.0552947835895,223.79499662324173
409,-3477.29102289662,-3265.8459859741793,-3378.014228898017,-2970.149530387067,-3225.8491237997882,-3263.4299783911342,171.05418774594494
410,-3221.6080886554323,-3221.294659040126,-3130.339932436334,-3269.842563737593,-3073.6006136874958,-3183.3371715113963,71.04848529752773
411,-3433.980028319924,-3174.0337792583405,-3329.468314994396,-3022.2703659076105,-3318.7362764425798,-3255.6977529845703,143.0789087182996
412,-3225.0080850427426,-3113.5514693081536,-2824.4528240666937,-2764.625181930606,-2872.5074049644963,-2960.028993062538,177.76762657295967
413,-3325.528482080892,-2968.6420085400387,-3484.131092552669,-2861.498678586042,-3233.7394152448046,-3174.7079354008893,229.14512775214004
414,-3329.4336285950994,-3069.5894002935784,-3637.387512849763,-2968.2733726146753,-3217.264283854413,-3244.389639641506,232.03918200289078
415,-3380.0209048811016,-2828.050377649267,-3331.9814004454784,-3223.3564019671776,-3067.7388745431276,-3166.2295918972304,200.25456915009266
416,-3124.184758448729,-2964.9962453205662,-3577.8144240603765,-2917.2406694885444,-3634.3993809631006,-3243.7270956562634,304.2412928228956
417,-3478.8262642920786,-3171.5760513811047,-3331.6104978961002,-3373.407427634287,-2764.3349441236614,-3223.951037065446,250.1516522665988
418,-2812.11020013781,-2765.751319615699,-2767.7445309403197,-3522.393593279431,-3165.939075581306,-3006.7877439109134,298.1000167156473
419,-3025.4486428123073,-3169.4174500058316,-3024.175951734562,-3215.742270901554,-3018.0371463501597,-3090.564292360883,84.61086606082925
420,-3373.228947446495,-2514.482685713109,-2820.523915486652,-3374.956732614361,-2966.7399053981712,-3009.9864373317578,331.1913993960203
421,-3380.5158317716555,-3222.301188752654,-3325.3399222738203,-3212.8947887867084,-3072.800384113995,-3242.7704231397665,105.82332166137019
422,-3172.349553333733,-2813.0371803877974,-2719.061957252445,-3020.282770607218,-3533.593539404515,-3051.665000197142,288.2265578205446
423,-3325.295806081427,-3167.5218396834453,-3068.3071730399874,-3579.981393719684,-2977.653122820714,-3223.7518670690515,212.17922047649566
424,-3017.017111834921,-3520.7329841939454,-3226.710314143635,-3017.330112076452,-3116.5326866224855,-3179.6646417742877,187.26092586466655
425,-3428.7292160884103,-3477.789157949576,-3424.1576589125743,-3116.9771828646562,-3327.1687378998554,-3354.9643907430136,128.6276725190048
426,-3628.699022482075,-3119.226962495097,-3179.5786543103754,-3429.7755921794655,-3075.4384174697607,-3286.543729787355,210.51721620853664
427,-3114.5583887712637,-2926.226453786651,-2976.7600573172895,-3221.3719415197074,-3472.764602527034,-3142.336288784389,195.1000081316457
428,-3265.483865140245,-3468.5786827161855,-3175.43932865435,-2713.07459245886,-3225.9649824603916,-3169.7082902860066,249.08170001688433
429,-3274.5957591494675,-2916.9047806772046,-3126.659466107619,-3473.255292484081,-3014.194622706335,-3161.121984224941,196.3266955596716
430,-3125.1144510595122,-2715.828846658142,-3219.098791280214,-3215.3610558901637,-3227.4354947373945,-3100.5677279250854,195.93320277916925
431,-3277.131467165855,-2816.3964434730538,-3378.596973775212,-2563.834357104185,-3123.342493017913,-3031.860346907244,301.40544610737726
432,-3572.0482589528197,-3271.931225143232,-3122.453790922974,-3080.9519417208794,-3072.3694213896188,-3223.950927625905,188.25577961294653
433,-3071.7787336167667,-3224.0852051534334,-3378.4235823312247,-2616.2722773515216,-3020.86126669692,-3062.284213029973,255.67804561442208
434,-3127.3350235151897,-3319.8793606312206,-3124.364475364195,-3167.2339720103664,-3273.5020575273043,-3202.4629778096555,79.77195779512
435,-3231.8088073563295,-3482.598644932754,-3375.201664072265,-2864.2170362685815,-3478.544718360371,-3286.47417419806,230.00776607735781
436,-3172.7378713403355,-3173.1247638933496,-3331.448907835749,-3021.1868478532133,-3222.9055188644516,-3184.28078195742,100.00765414889436
437,-3279.8405960125674,-3676.1817096733866,-2869.5129834054287,-3380.4286744065685,-3170.7184235344353,-3275.336477406477,263.5827015056295
438,-3073.498112411028,-3021.0578219445265,-3338.7337504311163,-3226.931306351558,-3375.7707765941877,-3207.1983535464833,140.45046376350444
439,-3475.60534545879,-3323.521434716592,-3436.0617165675626,-3425.7487159230996,-2668.4113254664094,-3265.869707626491,302.917775981549
440,-2914.1986101048687,-3020.2350083164447,-3239.7260253106256,-3317.1286368591705,-2917.29431141121,-3081.7165184004634,166.89083715073656
441,-3784.773545952313,-3072.193262971753,-2930.6047083263807,-3010.3821552571385,-3375.017695185923,-3234.5942735387016,313.51899053044036
442,-3167.250306694477,-3267.035763808223,-3230.0373490885977,-3175.509624520821,-3166.1026362021216,-3201.187136062848,40.522442385982245
443,-3725.513452900338,-3170.999591999671,-3578.6095368185797,-2710.0495816786665,-2711.9510918402184,-3179.424651047494,423.4328797956103
444,-2821.8408711579436,-2908.9047708540625,-3329.2227097180157,-3014.8597395734537,-3181.881404032644,-3051.341899067224,183.60191314412594
445,-3788.35012008171,-2980.0052087511367,-3025.0383973408752,-3106.9573192424127,-3120.565468678671,-3204.1833028189612,296.66291290900006
446,-2818.969137713914,-3276.6056770357973,-3643.46685609709,-3064.3660726450935,-3124.6246938319396,-3185.606487464767,272.3078894337671
447,-3129.050315865108,-3622.7514090436457,-3638.886638544167,-2761.7207549478517,-3223.098172452233,-3275.1014581706013,328.8754080612257
448,-3427.610835950274,-3272.676008150292,-2921.9641117044953,-3019.3324583995345,-3471.5339756175654,-3222.6234779644324,218.26809281684532
449,-3684.9651070512878,-3264.7906526750853,-3170.206091287371,-3070.6241632063397,-3473.229621356158,-3332.763127115248,220.69841605824834
450,-2923.8813304521254,-3115.3240020994363,-2872.4289759281914,-2969.4020850359125,-3430.34798465738,-3062.2768756346095,201.05303658561067
451,-3486.605545598944,-3165.3800734790834,-3375.5911520364966,-3177.169395916265,-3025.667446245448,-3246.0827226552474,163.99299978882993
452,-2919.423120022465,-3170.315104931243,-2869.3351265006445,-3118.8917979834973,-3474.678032458741,-3110.528636379318,214.91615786094343
453,-3488.6837645549076,-3216.0127251372173,-2575.325664395376,-3118.9730493392435,-3077.791415808131,-3095.3573238469753,296.8375330945261
454,-3230.3266236875743,-2768.409009933735,-3476.3467376295935,-3076.3674905382477,-3024.6944753433595,-3115.2288674265023,233.94200392027437
455,-3683.050401855351,-3161.0951493679922,-2924.2474443966885,-3267.7523992827846,-3281.3789414164416,-3263.504867263852,245.73942660497516
456,-3185.1819053221134,-2971.74854910069,-3128.034683704751,-2975.4058932532216,-3580.8019892339958,-3168.2346041229544,222.6678124160843
457,-3477.8186891065966,-3722.4238118313942,-3227.234366867535,-3167.6027688496856,-3370.8492897218057,-3393.1857852754038,197.2241852036957
458,-3377.274770496591,-2922.1871415328733,-3227.9162213147824,-3329.132557594854,-3376.5427717237103,-3246.6106925325626,171.0937920462597
459,-2924.7195140405533,-3225.4406961642676,-3175.6581313961838,-3525.4973603480075,-3833.994595399055,-3337.0620594696134,313.3645606628133
460,-3424.15136275262,-3221.3612649163706,-3170.6765032476264,-3378.329281561382,-2672.959447527603,-3173.4955720011203,267.43995872694103
461,-3069.1709274299524,-3015.987577866697,-2965.8637461705653,-3114.758317547573,-2667.1467605989087,-2966.5854659227393,157.85030798906837
462,-3223.538419289048,-3077.9460514707193,-3382.602861859813,-2917.3814653148893,-2965.4131334399362,-3113.376386274881,170.98597049444993
463,-3064.424970371325,-2817.76849634672,-3233.2086680376397,-2967.2265734327284,-3326.3481226310196,-3081.7953661638867,182.1372919439078
464,-3276.845739786399,-3167.922515232191,-3328.4190088160244,-3066.3443971064116,-3675.903593503966,-3303.087050888998,207.19026268988614
465,-2919.9961841968698,-2767.1244928142723,-3386.060152090601,-3071.3306015498174,-3215.622586504252,-3072.0268034311625,216.94050146893963
466,-3120.5267506121195,-3164.1452220278857,-2767.216990697913,-3223.10128705935,-3120.6322424565424,-3079.124498570762,160.42516746738667
467,-3174.558273725203,-2967.3222572911563,-2776.186001732926,-3030.3157037509372,-3020.254741452157,-2993.7273955904757,128.6574523528105
468,-3020.5901573872943,-2970.6852133099906,-2971.594325734052,-3225.161506454033,-3232.5395600266625,-3084.1141525824064,119.57139396459252
469,-3780.136003309989,-3115.5064656869044,-2975.925465587137,-2964.291143102105,-3220.3903104761603,-3211.2498776324587,299.74921781290686
470,-2818.009759135078,-3774.9857481287236,-3329.560557255238,-3170.622986586138,-3177.7688482557787,-3254.189579872191,309.8340758712142
471,-3623.3894704762843,-2965.345603622979,-3124.3675497734516,-3369.6519903863605,-3268.957811178024,-3270.3424850874203,223.08664168868205
472,-3282.3576654596072,-3225.05288047813,-3179.70839972243,-3580.8632538565435,-3165.4218391885515,-3286.6808077410524,152.64785364499724
473,-3275.371433692222,-2969.1696756250303,-3487.9199165383134,-2860.4576096598444,-3467.957208702712,-3212.1751688436243,256.2070634698058
474,-3572.0371464065647,-3316.4668357888795,-3222.171699554417,-3221.131341646764,-3573.7846865615647,-3381.118341991638,160.38079865424322
475,-3118.0718534909906,-3068.4491279493136,-2970.4380836624773,-3177.994935791257,-2817.113429721371,-3030.4134861230823,126.49501702927684
476,-3123.054469834192,-3274.7360150706522,-3642.022859508947,-2971.296226953537,-3218.8039307282165,-3245.982700419109,223.14894345120993
477,-3074.1981888441105,-3371.0611154606668,-3429.843439675465,-2760.016387610933,-2763.342580962718,-3079.692342510779,286.28713774569513
478,-3065.0478152701107,-3067.625977742706,-3328.5472953930994,-3279.5366524264796,-2516.3876406233503,-3051.429076291149,288.2862193022899
479,-3423.44042557989,-2666.9950748617075,-3527.676401082797,-3269.098354729747,-3522.2192379372477,-3281.885898838278,321.3922885235514
480,-3173.561518211596,-3216.8545139120233,-3587.854998459432,-3323.083244708378,-3178.031237644039,-3295.8771025870933,155.61785593778566
481,-3519.829488398335,-3116.5515749516894,-3369.5064937541683,-3271.602345643003,-3431.425208276285,-3341.7830222046964,138.67904579772048
482,-3179.438319942949,-3219.5521524083665,-3485.430364651946,-3833.972351734478,-3029.7856615295827,-3349.6357700534645,283.27199219234905
483,-2918.1236532184917,-2961.578360837816,-3329.0619288636044,-2761.2615313947044,-2978.6510287523156,-2989.7353006133862,186.21854163507948
484,-3373.6549631606626,-3521.1507267172633,-3322.091185699486,-3118.854862175792,-3374.8272461575266,-3342.1157967821455,129.89587679620684
485,-3320.7669573641247,-3573.455735573649,-3486.267496488359,-3270.9055124475626,-3277.9427860771693,-3385.8676975901726,121.9603120110137
486,-3069.732754382785,-3220.0857642608294,-3373.6402259255224,-3114.2002294051044,-3379.2397292809283,-3231.379740651034,128.13193344073935
487,-3329.90154957777,-2865.0561671322093,-3079.967680345298,-2807.6427778715665,-3174.15683740417,-3051.345002466203,193.6956679283199
488,-3024.8135434947803,-2873.0630906854904,-3024.203952429632,-2918.777865535793,-3176.095869355669,-3003.3908643002733,104.75096441354566
489,-3270.8551156146373,-2966.4572035317415,-3178.9904833417154,-3063.3910864455042,-3018.830361474419,-3099.704850081603,110.6281453170521
490,-3279.535577919361,-3326.341166077208,-2720.512572284017,-2915.8877107805342,-3323.178466422013,-3113.0910986966264,249.12773173021597
491,-3218.7452050089096,-3119.188039149797,-2764.8638140588237,-3628.9668516358884,-3430.9964118106523,-3232.552064332814,292.6770143529823
492,-3585.22130155405,-2966.8968473615882,-3439.3956003299186,-3267.227855689899,-3079.1683610245886,-3267.5819931920096,226.41820816242122
493,-3272.5543425120923,-2819.5973935650754,-3780.8875425273977,-3072.228399746929,-3279.9584087753115,-3245.0452174253614,316.21960203756674
494,-3019.1244827353066,-3471.5728239484797,-2822.1478221497905,-3113.618340266219,-3105.3401507966187,-3106.3607239792827,210.62797909129645
495,-3377.3707229480306,-3222.5011851455915,-3184.2820318747713,-3378.3887892356097,-3240.7178262651573,-3280.6521110938324,81.44988348094313
496,-3383.193841715425,-3174.282052745759,-3126.470250306155,-3221.474037340116,-3368.669086390019,-3254.8178536994947,103.45378688641611
497,-3123.4235221160216,-3164.016842690303,-3426.5987791458706,-3166.4501805291793,-3962.0644756998854,-3368.510760036252,315.71956719714996
498,-3484.5586377364866,-3684.18417667321,-2975.5035223934283,-3375.8725429187207,-3524.602416077072,-3408.9442591597835,238.2502744617656
499,-3324.265852798071,-3170.500164509532,-3327.901976965474,-3113.734133305787,-3180.0717355076,-3223.2947726172924,86.94465078772716
